{
  "name": "jcarousel",
  "repo": "jsor/jcarousel",
  "description": "Riding carousels with jQuery",
  "keywords": [
    "carousel",
    "slider",
    "slideshow",
    "animation"
  ],
  "license": "MIT",
  "version": "0.3.5",
  "dependencies": {
    "components/jquery": ">=1.7"
  },
  "development": {
    "grunt": "~0.4.0",
    "grunt-contrib-jshint": "~0.1.1",
    "grunt-contrib-qunit": "~0.1.1",
    "grunt-contrib-concat": "~0.1.2",
    "grunt-contrib-uglify": "~0.1.1",
    "grunt-contrib-watch": "~0.2.0",
    "grunt-contrib-clean": "~0.4.0",
    "grunt-replace": "~0.4.0"
  },
  "scripts": [
    "jquery.jcarousel-autoscroll.js",
    "jquery.jcarousel-autoscroll.min.js",
    "jquery.jcarousel-control.js",
    "jquery.jcarousel-control.min.js",
    "jquery.jcarousel-core.js",
    "jquery.jcarousel-core.min.js",
    "jquery.jcarousel-pagination.js",
    "jquery.jcarousel-pagination.min.js",
    "jquery.jcarousel-scrollintoview.js",
    "jquery.jcarousel-scrollintoview.min.js",
    "jquery.jcarousel.js",
    "jquery.jcarousel.min.js"
  ],
  "main": "dist/jquery.jcarousel.js"
}
